
INSERT INTO perfiles (`cedula`, `nombre`, `fechaNacimiento`, `sexo`, `telefono`, `passhash`, `role`) VALUES
	(8864886, 'Shelly', '2020-05-07', 'M', '3178848466', 'TXK08SGQ6AI', 'Administrativo'),
	(15963451, 'Athena', '2020-04-08', 'F', '3174643573', 'BLG64UGP8VM', 'Paciente'),
	(19396776, 'Holly', '2021-10-08', 'F', '3113473969', 'WHH75HLX0NF', 'Enfermero'),
	(27095265, 'Maxwell', '2021-08-02', 'M', '3175451412', 'UNE43ADX3VA', 'Paciente'),
	(30610356, 'Hu', '2020-12-09', 'M', '3149121599', 'VFE58EQN9NT', 'Paciente'),
	(36461847, 'Jonah', '2022-01-09', 'F', '3146258442', 'LAQ07HJK8LY', 'Paciente'),
	(38337971, 'Arsenio', '2020-09-12', 'F', '3195233251', 'UAL71VOR7LD', 'Paciente'),
	(40211853, 'Scarlett', '2020-07-24', 'F', '3125582987', 'UBO25VDG1LH', 'Paciente'),
	(40309247, 'Lance', '2020-04-20', 'M', '3177886623', 'CCE69WHJ8OE', 'Paciente'),
	(42845876, 'Kibo', '2020-04-20', 'F', '3146279545', 'MIM88DIY9DC', 'Paciente'),
	(51890255, 'Shelby', '2021-05-04', 'F', '3197219188', 'ARY36ZDE2FI', 'Médico'),
	(63207797, 'Erin', '2021-07-23', 'F', '3183514939', 'QAB77OTL3RC', 'Médico'),
	(67527523, 'Jonas', '2021-10-17', 'M', '3156572995', 'PDS17DFG1OJ', 'Enfermero'),
	(69243512, 'Madeson', '2020-12-18', 'F', '3192892721', 'LYK63KAA4QT', 'Administrativo'),
	(80008362, 'Uma', '2021-02-08', 'F', '3135178918', 'FFM55PBI1YX', 'Enfermero'),
	(85883055, 'Macon', '2021-08-07', 'F', '3121974621', 'RBB76WOD6RC', 'Médico'),
	(86548881, 'Stacey', '2020-05-29', 'M', '3118446255', 'AZV72MTI0TQ', 'Servicios'),
	(100663142, 'Arsenio', '2021-04-28', 'F', '3188233957', 'NDR72OKN4ZJ', 'Ingeniero'),
	(106588719, 'Bell', '2020-09-09', 'F', '3137375687', 'CKB02FWR5FI', 'Servicios'),
	(107448294, 'Castor', '2022-02-05', 'M', '3164339327', 'FQK64CIJ4DN', 'Paciente'),
	(116154270, 'Felicia', '2021-12-22', 'M', '3119111366', 'JDJ38RTS5BT', 'Enfermero'),
	(117298602, 'Jenette', '2020-06-18', 'M', '3183825436', 'ISO76OCF9VT', 'Paciente'),
	(119950361, 'Colt', '2021-10-03', 'M', '3127189314', 'ZHJ06CWH4LF', 'Paciente'),
	(126592201, 'Jack', '2021-11-30', 'F', '3168632374', 'LVW57NJE4RG', 'Administrativo'),
	(131672759, 'Macy', '2021-04-17', 'M', '3188492839', 'RUV48HHW4AD', 'Administrativo'),
	(144101166, 'Wayne', '2020-11-19', 'M', '3198621334', 'ETU64NAD2EV', 'Médico'),
	(145844781, 'Guy', '2020-07-20', 'F', '3171459854', 'HGO94KVK7OP', 'Administrativo'),
	(146442282, 'Ingrid', '2021-01-02', 'M', '3197557658', 'EXD79JVV2OB', 'Paciente'),
	(151405087, 'Noah', '2020-06-09', 'F', '3164234953', 'BMI69UQS3HG', 'Paciente'),
	(154078508, 'Keegan', '2020-09-28', 'F', '3129468261', 'KQH20ITR9RO', 'Ingeniero'),
	(154364227, 'Warren', '2021-10-11', 'F', '3118898856', 'OBT00YSZ5BT', 'Servicios'),
	(155060460, 'Gail', '2021-03-05', 'M', '3126573333', 'QJT03OCS4ZW', 'Médico'),
	(155311961, 'Isabelle', '2021-10-07', 'F', '3115334781', 'REB93BXH7IU', 'Paciente'),
	(157056537, 'Boris', '2021-01-08', 'M', '3141596113', 'LQS76WYR2HN', 'Médico'),
	(161060501, 'August', '2021-02-23', 'F', '3177539762', 'YDT35KJP7HQ', 'Ingeniero'),
	(162998499, 'Leo', '2020-03-18', 'M', '3174665632', 'EQN78RFI5AS', 'Servicios'),
	(166209389, 'Tiger', '2021-08-31', 'F', '3173387359', 'RNC01TNO7DZ', 'Servicios'),
	(172065301, 'Ocean', '2020-10-10', 'M', '3118563476', 'LQP14BTO0VU', 'Paciente'),
	(178044851, 'Priscilla', '2021-09-21', 'M', '3161539614', 'LPL56WAV5LM', 'Paciente'),
	(178233410, 'Finn', '2020-09-14', 'F', '3152385687', 'EOI32QOG7NQ', 'Enfermero'),
	(182695866, 'Frances', '2020-10-11', 'F', '3152749555', 'ODZ98WIV0FE', 'Médico'),
	(184130271, 'Jessica', '2021-08-27', 'M', '3111915484', 'EPE19RAF1LZ', 'Administrativo'),
	(190700341, 'Marvin', '2022-01-10', 'F', '3134671521', 'HDZ94YQK2CP', 'Servicios'),
	(194410571, 'Mannix', '2020-12-25', 'M', '3132444786', 'EEZ68ZDB0OE', 'Enfermero'),
	(199691518, 'Dahlia', '2020-07-28', 'F', '3143426217', 'APT71JVV3OC', 'Paciente'),
	(203655006, 'Travis', '2021-02-16', 'M', '3188725918', 'VBK79ZHA8IX', 'Paciente'),
	(206754198, 'Quincy', '2021-03-12', 'F', '3176145575', 'SCM37QVM5FK', 'Servicios'),
	(211122031, 'Piper', '2021-02-15', 'M', '3125348212', 'IIQ20CRQ9ZQ', 'Paciente'),
	(211774967, 'Linda', '2021-01-09', 'M', '3158421613', 'VJI92RJK5AL', 'Enfermero'),
	(212912945, 'Bryar', '2021-11-16', 'M', '3188984981', 'AFF68VQW4OE', 'Ingeniero'),
	(213220861, 'Cade', '2021-08-16', 'M', '3179181942', 'AJS37VRB7VT', 'Administrativo'),
	(217663866, 'Shay', '2021-07-12', 'M', '3119477236', 'WUT95XRX3OM', 'Paciente'),
	(218300888, 'Serena', '2021-04-28', 'F', '3139165999', 'TLN54TON8SG', 'Paciente'),
	(221304135, 'Cailin', '2021-07-15', 'F', '3171751221', 'GKC84HUR4QD', 'Médico'),
	(221391678, 'Lesley', '2021-04-18', 'M', '3124149876', 'LXQ29TOC3DH', 'Paciente'),
	(226554083, 'Hayfa', '2022-03-01', 'M', '3133748472', 'KTM48QHY7KX', 'Enfermero'),
	(227506729, 'Kylan', '2022-02-16', 'M', '3184385734', 'JFF28EGO1DW', 'Paciente'),
	(235459283, 'Gwendolyn', '2021-12-18', 'F', '3119242178', 'KZP43BFG1IV', 'Servicios'),
	(236178492, 'Eagan', '2020-09-18', 'M', '3122973914', 'DVN59DBR7BA', 'Paciente'),
	(244530349, 'Sopoline', '2020-05-03', 'F', '3177598292', 'CVD93CNE8KY', 'Enfermero'),
	(246921067, 'Serina', '2020-03-08', 'F', '3196231738', 'CMU61VPJ5MK', 'Administrativo'),
	(248275643, 'Fletcher', '2020-08-25', 'M', '3167189528', 'DRL36EZE6GV', 'Paciente'),
	(252973431, 'Randall', '2021-08-22', 'M', '3131228264', 'LDB85NKL9PT', 'Servicios'),
	(261472053, 'Tarik', '2021-05-01', 'M', '3157669621', 'MPC91IGR4YI', 'Paciente'),
	(269297788, 'Maxwell', '2020-07-02', 'M', '3131447981', 'AES95DID7PI', 'Médico'),
	(280322232, 'Kylie', '2020-07-28', 'M', '3133656281', 'FYC46HDP9VZ', 'Médico'),
	(286762582, 'Minerva', '2021-10-17', 'F', '3188923947', 'VRS15XMI2JS', 'Servicios'),
	(291128402, 'Ingrid', '2021-11-16', 'F', '3133166918', 'SLF15QDK0CW', 'Servicios'),
	(294051878, 'Alice', '2022-01-23', 'F', '3157827937', 'IYJ46YTM0YW', 'Administrativo'),
	(295815710, 'Wyoming', '2020-03-16', 'M', '3132633863', 'BEE90QIY3YD', 'Paciente'),
	(297177311, 'Tamekah', '2021-03-01', 'M', '3156424611', 'NHH05UFN1HL', 'Administrativo'),
	(297517043, 'Raja', '2020-04-08', 'F', '3162246116', 'VEP44MYO1UQ', 'Administrativo'),
	(299195784, 'Jin', '2021-03-21', 'M', '3118967382', 'VYE86TDA5DE', 'Administrativo'),
	(300797261, 'Shellie', '2021-05-27', 'F', '3196256365', 'BYK75YVH6ED', 'Paciente'),
	(300953954, 'Silas', '2021-01-24', 'F', '3127833882', 'LEN30SHF1DC', 'Paciente'),
	(305337210, 'Marsden', '2021-08-21', 'F', '3176683254', 'KDX13YTF4IF', 'Administrativo'),
	(308194858, 'Uma', '2021-01-19', 'F', '3185999851', 'JTJ68LAQ1FI', 'Servicios'),
	(318817652, 'Aidan', '2022-03-06', 'M', '3197226973', 'SFX48FEX4SR', 'Paciente'),
	(318877207, 'Lila', '2020-12-03', 'M', '3185749262', 'XOL91RDH3CK', 'Paciente'),
	(327121591, 'Troy', '2021-05-18', 'M', '3118497468', 'VTK20LDE8TF', 'Paciente'),
	(341065181, 'Sage', '2022-02-25', 'M', '3166693191', 'PQB75JIB8YL', 'Servicios'),
	(342759336, 'Galvin', '2021-02-12', 'F', '3116531542', 'EWM53JUH4TD', 'Servicios'),
	(348844481, 'Moana', '2021-12-22', 'M', '3163984682', 'CCP72HYJ2FS', 'Paciente'),
	(359737634, 'Emily', '2020-04-17', 'M', '3156745154', 'CIP09TNB8KX', 'Servicios'),
	(361154837, 'Melvin', '2022-01-21', 'M', '3191352461', 'LMI90TQW5ZP', 'Paciente'),
	(365306263, 'Hedy', '2020-09-14', 'F', '3133994723', 'DWH23WEK9MX', 'Paciente'),
	(367765611, 'Colin', '2021-09-08', 'F', '3136852472', 'RXQ34MDL3ZO', 'Paciente'),
	(368887903, 'Vernon', '2022-01-26', 'F', '3146968942', 'VGX76IQK7LL', 'Paciente'),
	(373479756, 'Nora', '2020-08-18', 'F', '3142319119', 'CMW00VGZ5NZ', 'Paciente'),
	(383507416, 'Maile', '2020-12-26', 'F', '3177359788', 'ZOZ00ZBJ3TL', 'Administrativo'),
	(388821570, 'Shafira', '2021-12-03', 'F', '3133741472', 'XVI62OFY5OI', 'Médico'),
	(390062419, 'Maya', '2020-12-08', 'M', '3183473183', 'NDV07AJJ4UO', 'Paciente'),
	(393988338, 'Joseph', '2021-03-23', 'M', '3167974239', 'VEP00VNE3BK', 'Servicios'),
	(398706999, 'Matthew', '2020-06-09', 'F', '3111892172', 'LRY65NZM2GN', 'Enfermero'),
	(401145039, 'Hope', '2021-02-19', 'F', '3146341347', 'UMJ48BWU6US', 'Médico'),
	(404027984, 'Nerea', '2022-02-21', 'F', '3149295942', 'YKK23WOL8XB', 'Enfermero'),
	(404061284, 'Edward', '2020-09-20', 'M', '3129841754', 'OSO42QPB1OR', 'Paciente'),
	(405078358, 'Galvin', '2021-10-05', 'F', '3118166942', 'YZS23URG3IL', 'Administrativo'),
	(406146476, 'Miranda', '2021-01-31', 'F', '3112248169', 'GWX42XLR2XN', 'Paciente'),
	(408283314, 'Victor', '2020-08-01', 'F', '3122889964', 'KZY07HYJ0WN', 'Ingeniero'),
	(409462377, 'Shelly', '2022-01-31', 'F', '3147193434', 'QYM93RPD4LO', 'Enfermero'),
	(411640365, 'Baker', '2020-09-07', 'M', '3143444675', 'PLM72BMX1XS', 'Paciente'),
	(422513845, 'Leslie', '2021-12-13', 'M', '3114361935', 'WRW08TTD6BR', 'Médico'),
	(436600188, 'Travis', '2020-03-09', 'F', '3133474361', 'OEC38NQS1RQ', 'Servicios'),
	(439036992, 'Craig', '2020-05-28', 'M', '3167871481', 'KID04XQC1WM', 'Paciente'),
	(449064993, 'Petra', '2020-07-01', 'M', '3163746374', 'ETZ23THP5IU', 'Médico'),
	(450773630, 'Chandler', '2021-04-22', 'F', '3118864798', 'TGE19MRX5TR', 'Paciente'),
	(455758091, 'Natalie', '2021-07-06', 'F', '3164423854', 'DPU56MLD9MN', 'Enfermero'),
	(457215176, 'Amal', '2021-04-27', 'F', '3131263286', 'NAK99BEE3AU', 'Enfermero'),
	(464365615, 'Devin', '2020-09-04', 'F', '3124741839', 'GSZ90OZX9UY', 'Paciente'),
	(466618103, 'Kaseem', '2021-08-19', 'M', '3198388764', 'PTK71HTD2PU', 'Servicios'),
	(469908728, 'Sybill', '2021-04-02', 'M', '3132796624', 'OKA20WMW0JY', 'Paciente'),
	(469909843, 'Christian', '2020-12-15', 'M', '3187151131', 'YCS82OHN4IS', 'Enfermero'),
	(477222580, 'Mannix', '2021-10-12', 'F', '3115759497', 'FVM55RUH8IM', 'Paciente'),
	(481640906, 'Amos', '2021-01-24', 'M', '3184247573', 'RPM46ZBV4MK', 'Administrativo'),
	(484032267, 'Ariel', '2021-03-17', 'M', '3116618979', 'BCI13IKO7QI', 'Paciente'),
	(496823341, 'Michael', '2020-07-10', 'M', '3122531656', 'FYR82KDL9FD', 'Paciente'),
	(496972746, 'Hasad', '2021-09-22', 'M', '3137811139', 'JFT25FAO6QD', 'Paciente'),
	(498474336, 'Castor', '2021-03-13', 'F', '3114165248', 'DQN93DWS5ZP', 'Paciente'),
	(499711911, 'Edan', '2021-01-05', 'F', '3171746894', 'OEO59GDU6PF', 'Ingeniero'),
	(504542173, 'Orlando', '2022-02-28', 'F', '3113585671', 'YNU57JIT1FU', 'Paciente'),
	(506432599, 'Xander', '2021-10-07', 'F', '3165853467', 'IVW80FET9DA', 'Servicios'),
	(506876880, 'Leandra', '2020-12-19', 'M', '3159951684', 'GTJ20TSD8NO', 'Ingeniero'),
	(510165174, 'Jamalia', '2020-12-02', 'F', '3148613221', 'RMI03XSJ2QQ', 'Servicios'),
	(513261272, 'Patricia', '2020-11-29', 'M', '3118845234', 'FYI68MAP7XO', 'Ingeniero'),
	(513438303, 'Rhonda', '2022-01-21', 'M', '3165458562', 'DJO74ZTO9ZC', 'Paciente'),
	(517563604, 'Erin', '2021-10-10', 'M', '3177869721', 'YOT25OYQ4FK', 'Paciente'),
	(525365642, 'Phillip', '2021-07-16', 'M', '3124536165', 'AKY06TMK8SL', 'Paciente'),
	(532671106, 'Teagan', '2021-03-02', 'F', '3184229699', 'PIE44NFR0YQ', 'Paciente'),
	(545084627, 'Quynn', '2020-06-05', 'M', '3173611228', 'HXP08NYE6XN', 'Enfermero'),
	(546030720, 'Vernon', '2021-02-17', 'M', '3163281329', 'JQI47PHQ3AN', 'Enfermero'),
	(548500974, 'Hayley', '2020-07-01', 'M', '3114526486', 'RCV28DGM4UH', 'Enfermero'),
	(550859534, 'Jaime', '2021-04-25', 'F', '3176727841', 'DXA87FGE7DA', 'Paciente'),
	(552837727, 'Marny', '2020-06-24', 'F', '3154413826', 'ALW59DTE9IO', 'Paciente'),
	(556159083, 'Galvin', '2021-10-30', 'M', '3121931332', 'NMU63LYV5RZ', 'Médico'),
	(556750848, 'Shad', '2021-11-13', 'M', '3122311173', 'SJT48AIQ4JJ', 'Paciente'),
	(556933129, 'Philip', '2020-04-13', 'M', '3183114738', 'YEB29TXV6NG', 'Médico'),
	(557964495, 'Gabriel', '2020-12-28', 'F', '3121425727', 'OTG42HAI4RJ', 'Paciente'),
	(560671568, 'Julie', '2021-11-26', 'M', '3156347827', 'XGT57EAY6ZD', 'Enfermero'),
	(565537898, 'Quincy', '2021-01-27', 'M', '3187517955', 'SQD46UCB8MD', 'Enfermero'),
	(565775824, 'Erica', '2021-01-19', 'M', '3198882458', 'HAR37ELW3GT', 'Paciente'),
	(566056396, 'Magee', '2020-08-04', 'M', '3193498966', 'GCQ19WBB8TX', 'Médico'),
	(572686059, 'Serina', '2021-01-02', 'M', '3186971929', 'TGJ09DHV8AY', 'Administrativo'),
	(572795303, 'Theodore', '2020-07-25', 'F', '3139418432', 'WUS65CBX1BL', 'Administrativo'),
	(591423049, 'Tarik', '2021-07-19', 'M', '3116857543', 'YDE59CAS2AI', 'Enfermero'),
	(594475349, 'Eve', '2022-01-18', 'M', '3136698799', 'PND80RFW5EY', 'Enfermero'),
	(596801919, 'Colleen', '2022-01-01', 'M', '3189569945', 'ZUF32TZJ0GG', 'Servicios'),
	(600050582, 'Daniel', '2020-09-12', 'M', '3181728864', 'CNO85RVT2JO', 'Servicios'),
	(625450704, 'Dorian', '2021-04-27', 'M', '3121712183', 'NON61MHP9LR', 'Médico'),
	(633300423, 'Stuart', '2020-05-20', 'F', '3153615381', 'GNB72PEW9YK', 'Ingeniero'),
	(637589507, 'Kelsey', '2021-10-30', 'M', '3146934798', 'LDF50JJZ8GH', 'Paciente'),
	(639550127, 'Morgan', '2022-01-29', 'M', '3112794789', 'UOS23JGL1NQ', 'Enfermero'),
	(641769418, 'Hedley', '2021-06-03', 'F', '3163622729', 'AFA73JWR4MC', 'Enfermero'),
	(646233446, 'Zachary', '2021-04-16', 'M', '3139367523', 'HKH33SEZ2KT', 'Paciente'),
	(654353968, 'Heather', '2020-10-11', 'F', '3196328569', 'MSD81RBQ4WE', 'Paciente'),
	(660989822, 'Russell', '2020-05-19', 'M', '3143255798', 'OFU68BKU6SP', 'Administrativo'),
	(675304606, 'Celeste', '2022-02-06', 'F', '3144765478', 'URM88CLT6AV', 'Paciente'),
	(676472538, 'Michael', '2021-12-10', 'M', '3124594782', 'QIT00USA4WL', 'Paciente'),
	(677411077, 'Griffith', '2021-09-23', 'F', '3138215332', 'YVC21PHJ5CO', 'Paciente'),
	(678427373, 'Quentin', '2020-10-30', 'M', '3152686129', 'LAP90VOK5LX', 'Servicios'),
	(678724543, 'Kevin', '2021-06-19', 'M', '3185248714', 'WEB14RTI1TS', 'Paciente'),
	(679085358, 'Paula', '2021-03-23', 'F', '3165334278', 'WPZ83EPS7UA', 'Enfermero'),
	(679093686, 'Shana', '2020-07-16', 'F', '3169535929', 'YAZ95RVN7VL', 'Enfermero'),
	(682683555, 'Zephr', '2020-10-02', 'M', '3158351388', 'IUP71JKH9UA', 'Paciente'),
	(683122271, 'Tallulah', '2020-05-20', 'F', '3172364823', 'FHQ59OST8HF', 'Administrativo'),
	(691180149, 'Fulton', '2021-09-03', 'F', '3115311573', 'GJO85KPJ3FH', 'Paciente'),
	(694045264, 'Colleen', '2022-01-22', 'M', '3177352756', 'HKH44GPZ5ZZ', 'Enfermero'),
	(694805553, 'Summer', '2021-01-15', 'F', '3141421941', 'FVH27FUJ5FN', 'Paciente'),
	(705589419, 'Sheila', '2021-07-12', 'F', '3128394687', 'NZV20ILY0TB', 'Administrativo'),
	(706020801, 'Denise', '2022-01-23', 'F', '3125578658', 'TAB08PMV2QO', 'Médico'),
	(715236229, 'Danielle', '2020-06-21', 'M', '3157445769', 'KQT05NFK8AO', 'Paciente'),
	(720261985, 'Abraham', '2022-02-25', 'F', '3194724344', 'CUU00GTH1VN', 'Médico'),
	(725855512, 'Kasper', '2021-08-07', 'M', '3155285886', 'VJR02GQO2DR', 'Paciente'),
	(730424252, 'Naomi', '2020-03-18', 'M', '3155826682', 'LYX94EGN9OZ', 'Servicios'),
	(733087967, 'William', '2021-03-03', 'M', '3111542213', 'XRE03ZEI1PO', 'Paciente'),
	(733934776, 'Josephine', '2021-10-01', 'M', '3127294311', 'OJG58USS9UN', 'Paciente'),
	(740824799, 'Oscar', '2021-03-22', 'M', '3166994779', 'CEP01VLL1XM', 'Médico'),
	(741537151, 'Naomi', '2020-04-14', 'M', '3154561453', 'DPH81CEA1RZ', 'Paciente'),
	(743774665, 'Deirdre', '2021-01-06', 'M', '3194999268', 'FZI87PLF8RE', 'Paciente'),
	(748146195, 'Hilary', '2021-12-20', 'M', '3134394238', 'KFA73WZB5QC', 'Servicios'),
	(750894284, 'Thane', '2020-11-19', 'M', '3165993672', 'NQB42XIG6WB', 'Paciente'),
	(770691147, 'Alexander', '2021-09-23', 'M', '3172635855', 'SKY50EIY4HA', 'Paciente'),
	(773449031, 'Sandra', '2020-05-18', 'F', '3111144739', 'YAV60URU5JT', 'Médico'),
	(775644674, 'Inez', '2020-09-20', 'M', '3137478422', 'REL29CHF9VJ', 'Servicios'),
	(777940929, 'Dara', '2021-11-04', 'F', '3142441682', 'BQK22XUJ9GJ', 'Enfermero'),
	(781451773, 'Uriah', '2021-04-21', 'M', '3184385124', 'QUO56UHP3SB', 'Paciente'),
	(783045097, 'Brian', '2020-04-11', 'F', '3125585444', 'NCL97DXB7CI', 'Servicios'),
	(784744738, 'Penelope', '2020-06-21', 'F', '3197868918', 'QHW68TLM0PG', 'Paciente'),
	(784827579, 'Mercedes', '2020-04-29', 'M', '3187932726', 'GEE38EPQ0XZ', 'Paciente'),
	(797289908, 'Dylan', '2020-04-17', 'M', '3183475789', 'OSS73DLH7WE', 'Paciente'),
	(797758237, 'Isaiah', '2021-11-19', 'M', '3188725959', 'BCK05NEL2YZ', 'Administrativo'),
	(804053728, 'Eden', '2021-09-29', 'M', '3137383346', 'JPJ59SBQ0HH', 'Paciente'),
	(804647406, 'Samantha', '2020-09-07', 'F', '3156567457', 'SAN82JGD1XY', 'Servicios'),
	(809603175, 'Vladimir', '2021-11-13', 'F', '3197819926', 'WWH35FAX1DG', 'Paciente'),
	(816285590, 'Bryar', '2021-08-09', 'M', '3117568131', 'ANG60DCS0PV', 'Administrativo'),
	(818797217, 'Wylie', '2020-06-22', 'F', '3189373672', 'RLL89LYV7EH', 'Ingeniero'),
	(820400663, 'Joel', '2021-07-23', 'F', '3185351429', 'OKN96EKY9LZ', 'Médico'),
	(823061937, 'Kadeem', '2021-12-16', 'M', '3168269193', 'SBI02WHA9IZ', 'Paciente'),
	(829236416, 'Shelby', '2021-09-21', 'F', '3125111313', 'CUK30XDD7KH', 'Paciente'),
	(831638592, 'Veronica', '2020-09-06', 'M', '3124277153', 'VSW01KBP3FP', 'Paciente'),
	(843377342, 'John', '2022-02-24', 'F', '3171714457', 'IKM72TNT3OT', 'Ingeniero'),
	(844589336, 'Josiah', '2022-02-05', 'M', '3123778652', 'LVG65HCE1BN', 'Ingeniero'),
	(849395302, 'Callum', '2020-12-27', 'M', '3127181183', 'ANM79PUQ6RE', 'Paciente'),
	(849624191, 'Chaney', '2021-10-20', 'F', '3192575162', 'TMQ37PHS3VQ', 'Paciente'),
	(850725475, 'Oliver', '2021-10-18', 'F', '3176139966', 'XGK58GQZ4MH', 'Administrativo'),
	(854799453, 'Gary', '2020-09-28', 'F', '3138432676', 'BPQ56KMH1FR', 'Administrativo'),
	(856933544, 'Alma', '2021-09-23', 'M', '3144617628', 'GES25FJN8ZF', 'Médico'),
	(862185560, 'Donovan', '2021-12-16', 'F', '3146447885', 'HRR82PQI5VD', 'Administrativo'),
	(873154286, 'Barbara', '2020-03-14', 'F', '3171515348', 'UUQ17RGO6CU', 'Administrativo'),
	(875516999, 'Wallace', '2020-12-29', 'F', '3146222162', 'XNI47ULA1UE', 'Paciente'),
	(881415629, 'Omar', '2020-09-26', 'M', '3185479846', 'OAI78JWX7HT', 'Médico'),
	(881735581, 'Colton', '2020-12-27', 'F', '3156169548', 'MUR12JPH0DN', 'Ingeniero'),
	(901231904, 'Brennan', '2020-05-20', 'M', '3154832516', 'FBW15QEP8PN', 'Médico'),
	(906314598, 'Keane', '2022-02-27', 'M', '3133853685', 'ZWO53GOB7GY', 'Administrativo'),
	(911773585, 'Rinah', '2020-04-26', 'M', '3181264145', 'IPF27UTL6CZ', 'Paciente'),
	(913017733, 'Kasper', '2021-11-23', 'M', '3133483193', 'ZWS61DAL1MX', 'Paciente'),
	(917531087, 'Lucas', '2021-11-23', 'M', '3144774465', 'GVE02VJL8EJ', 'Médico'),
	(917984075, 'Katell', '2021-08-25', 'M', '3141764342', 'ROU07QPM7AR', 'Paciente'),
	(922945419, 'Chester', '2021-12-05', 'M', '3188258564', 'VPS08ADT6NL', 'Médico'),
	(929286211, 'Xander', '2021-09-25', 'F', '3115853251', 'ERK56HFD2ZC', 'Paciente'),
	(939633559, 'Kai', '2020-06-17', 'M', '3175222858', 'KRR83NIY3BA', 'Enfermero'),
	(940129270, 'Vance', '2022-01-22', 'F', '3129864168', 'GWB50SNX0JX', 'Paciente'),
	(951267430, 'Cassandra', '2021-06-16', 'M', '3127475712', 'OMO31OYC4FC', 'Servicios'),
	(956122042, 'Ora', '2021-12-05', 'M', '3123937474', 'CGY56MHK7OT', 'Paciente'),
	(960742151, 'Nash', '2021-05-15', 'F', '3187117448', 'YNF09NMV2UR', 'Administrativo'),
	(974751864, 'Randall', '2020-10-30', 'M', '3178656143', 'RAI31VOP3OM', 'Servicios'),
	(980820425, 'Gloria', '2021-07-28', 'M', '3164681527', 'ZMO29QRF4TG', 'Administrativo'),
	(981415495, 'Jaquelyn', '2020-10-13', 'F', '3131465741', 'JNQ64UJX9FY', 'Médico'),
	(985743192, 'Taylor', '2021-01-01', 'M', '3158435512', 'RDK93QMW8UK', 'Ingeniero'),
	(989731955, 'Kibo', '2021-04-16', 'F', '3133972324', 'EQI07CYL9QO', 'Ingeniero'),
	(992036600, 'Karen', '2020-03-06', 'M', '3165215829', 'FOR27WJH6EQ', 'Paciente'),
	(992829856, 'Colorado', '2021-12-15', 'M', '3124411234', 'UVR14XRG8XP', 'Enfermero'),
	(993080519, 'Kermit', '2021-12-23', 'F', '3128526171', 'EKN06DJP7QX', 'Paciente'),
	(997375200, 'Jolene', '2021-09-09', 'F', '3183541223', 'JZE25SSX5AF', 'Paciente'),
	(1000828979, 'Nicole', '2021-04-24', 'F', '3126257612', 'GKI56DYK6VN', 'Médico');

INSERT INTO especialidad (`idEspecialidad`, `nombreEspecialidad`) VALUES
	(2, 'Alergología'),
	(3, 'Anestesiología'),
	(4, 'Cardiología'),
	(5, 'Endocrinología'),
	(6, 'Estomatología'),
	(7, 'Gastroenterología'),
	(8, 'Hematología'),
	(9, 'Infectología'),
	(10, 'Medicina General'),
	(11, 'Medicina Interna'),
	(12, 'Neumología'),
	(13, 'Nutrilogía'),
	(14, 'Oncología'),
	(15, 'Residente'),
	(16, 'Pediatría'),
	(17, 'Psiquiatría'),
	(18, 'Toxicología'),
	(19, 'Urología'),
	(20, 'Oftalmología'),
	(21, 'Dermatología'),
	(22, 'Ginecología'),
	(23, 'Otorrinolaringología');

INSERT INTO horario (`idHorario`, `horaEntrada`, `horaSalida`) VALUES
	(1, '00:00:00', '08:00:00'),
	(2, '06:00:00', '14:00:00'),
	(3, '12:00:00', '20:00:00'),
	(4, '16:00:00', '24:00:00');

INSERT INTO medico (`idMedico`, `cedula`, `idEspecialidad`, `idHorario`) VALUES
	(1, 51890255, 10, 1),
	(2, 63207797, 8, 1),
	(3, 85883055, 7, 1),
	(4, 144101166, 11, 1),
	(5, 155060460, 2, 1),
	(6, 157056537, 20, 1),
	(7, 182695866, 21, 1),
	(8, 221304135, 5, 2),
	(9, 269297788, 13, 2),
	(10, 280322232, 15, 2),
	(11, 388821570, 10, 2),
	(12, 401145039, 11, 2),
	(13, 422513845, 16, 2),
	(14, 449064993, 17, 2),
	(15, 556159083, 22, 3),
	(16, 556933129, 19, 3),
	(17, 566056396, 3, 3),
	(18, 625450704, 12, 3),
	(19, 706020801, 20, 3),
	(20, 720261985, 21, 3),
	(21, 740824799, 10, 3),
	(22, 773449031, 9, 3),
	(23, 820400663, 4, 4),
	(24, 856933544, 15, 4),
	(25, 881415629, 17, 4),
	(26, 901231904, 6, 4),
	(27, 917531087, 7, 4),
	(28, 922945419, 14, 4),
	(29, 981415495, 23, 4),
	(30, 1000828979, 18, 4);

INSERT INTO tiposervicio (`idTipSer`, `nombreServicio`) VALUES
	(1, 'Aseo'),
	(2, 'Vigilantes'),
	(3, 'Auxiliares'),
	(4, 'Practicantes'),
	(5, 'Jardinería'),
	(6, 'Construcción'),
	(7, 'Técnicos'),
	(8, 'Tecnólogos');

INSERT INTO serviciosgenerales (`idSerGen`, `cedula`, `idHorario`) VALUES
	(1, 86548881, 1),
	(2, 106588719, 1),
	(3, 154364227, 1),
	(4, 162998499, 1),
	(5, 166209389, 1),
	(6, 190700341, 1),
	(7, 206754198, 1),
	(8, 235459283, 2),
	(9, 252973431, 2),
	(10, 286762582, 2),
	(11, 291128402, 2),
	(12, 308194858, 2),
	(13, 341065181, 2),
	(14, 342759336, 2),
	(15, 359737634, 2),
	(16, 393988338, 3),
	(17, 436600188, 3),
	(18, 466618103, 3),
	(19, 506432599, 3),
	(20, 510165174, 3),
	(21, 596801919, 3),
	(22, 600050582, 3),
	(23, 678427373, 3),
	(24, 730424252, 4),
	(25, 748146195, 4),
	(26, 775644674, 4),
	(27, 783045097, 4),
	(28, 804647406, 4),
	(29, 951267430, 4),
	(30, 974751864, 4);

INSERT INTO sector (`idSector`, `nombreSector`) VALUES
	(1, 'Sector UNO'),
	(2, 'Sector DOS'),
	(3, 'Sector TRES'),
	(4, 'Sector CUATRO');

INSERT INTO tipoubicacion (`idTipUbi`, `nombreTipUbi`) VALUES
	(1, 'Piso 1'),
	(2, 'Piso 2'),
	(3, 'Piso 3'),
	(4, 'Piso 4'),
	(5, 'Piso 5');

INSERT INTO ubicacion (`idUbicacion`, `idTipUbi`, `idSector`, `nombreUbi`) VALUES
	(1, 1, 1, 'Cuidados Intensivos'),
	(2, 1, 1, 'Urgencias'),
	(3, 2, 2, 'Cirugía'),
	(4, 3, 3, 'Medicina General'),
	(5, 1, 1, 'Recepción'),
	(6, 5, 4, 'Habitaciones'),
	(7, 5, 4, 'Farmacología'),
	(8, 5, 4, 'Papelería'),
	(9, 2, 2, 'Anestesiología'),
	(10, 3, 3, 'Medicina Interna'),
	(11, 3, 3, 'Pediatría'),
	(12, 2, 2, 'Cardiología');

INSERT INTO tipoequipo (`idTipEqu`, `nombreTipEqu`) VALUES
	(1, 'Máquina de ECG'),
	(2, 'Sistemas de estrés'),
	(3, 'Unidades electroquirúrgicas'),
	(4, 'Luces quirúrgicas'),
	(5, 'Ultrasonido de diagnóstico'),
	(6, 'Mesas Quirúrgicas'),
	(7, 'Camillas'),
	(8, 'Máquina de anestesia'),
	(9, 'Esterilizadores'),
	(10, 'Desfibriladores'),
	(11, 'Monitores de pacientes'),
	(12, 'Ecocardio'),
	(13, 'Equipo RCP'),
	(14, 'Ventiladores mecánicos'),
	(15, 'Monitores Fetales'),
	(16, 'Cama GOBED'),
	(17, 'Báscula Digital THG'),
	(18, 'Bomba de Infusión');

INSERT INTO proveedores (`idProveedor`, `nombre`, `direccion`) VALUES
	(1, 'Auctor Consulting', 'P.O. Box 923, 2947 Nisi Av.'),
	(2, 'Ullamcorper Duis Cursus LLC', '4991 Tellus. Av.'),
	(3, 'Ac Fermentum Corporation', '8632 Sed Av.'),
	(4, 'Est Inc.', 'Ap #998-4969 Mollis Street'),
	(5, 'Molestie Pharetra Nibh Consulting', 'Ap #990-2147 Malesuada Av.'),
	(6, 'Vitae Odio PC', 'Ap #210-9438 Interdum Avenue'),
	(7, 'Lorem Sit Amet Industries', '440-7088 In Ave'),
	(8, 'Elementum Incorporated', '9781 Imperdiet Road'),
	(9, 'Metus Sit LLP', '1978 Nisl. Rd.'),
	(10, 'Arcu Company', 'P.O. Box 450, 1456 Vel, St.'),
	(11, 'Donec Sollicitudin LLC', 'P.O. Box 377, 6750 Viverra. Street'),
	(12, 'Ut Molestie In Associates', '3633 Semper, Road'),
	(13, 'In PC', '5945 Ac St.'),
	(14, 'Eu Erat Associates', 'Ap #474-8301 Ipsum Rd.'),
	(15, 'Semper Tellus Foundation', 'P.O. Box 979, 5251 Purus St.'),
	(16, 'Vulputate PC', '4157 Arcu. Street'),
	(17, 'Cras Vehicula Aliquet Company', 'Ap #556-7587 Lectus Av.'),
	(18, 'Nibh Dolor Nonummy PC', '1297 Libero Rd.'),
	(19, 'Sed LLP', '5256 Sit St.'),
	(20, 'Arcu Morbi Sit Corporation', 'P.O. Box 992, 4714 Massa. Road'),
	(21, 'Ornare Tortor Inc.', '892-5569 Mauris Ave'),
	(22, 'Posuere At Associates', '368-9236 Fringilla St.'),
	(23, 'Morbi Tristique Senectus Industries', '7543 Nec Rd.'),
	(24, 'Eget Nisi Dictum Incorporated', '9212 Felis Avenue'),
	(25, 'Erat Neque LLC', '9989 A Avenue'),
	(26, 'Nec Malesuada Ut LLP', '7907 Tempor St.'),
	(27, 'Duis Institute', 'Ap #503-1045 Imperdiet Road'),
	(28, 'Morbi Non Inc.', 'Ap #809-4734 Magna. Rd.'),
	(29, 'Odio LLP', '145 Aliquam, Rd.'),
	(30, 'Ante Lectus LLP', 'P.O. Box 288, 9501 Nunc Ave');

INSERT INTO item (`idItem`, `idProveedor`, `nombre`, `cantidad`) VALUES
	(1, 1, 'Agujas', 100),
	(2, 1, 'Agujas', 100),
	(3, 1, 'Anestecia Epidural', 1),
	(4, 2, 'Canulas', 15),
	(5, 2, 'Mascarillas', 50),
	(6, 3, 'Material para monitoreo de presion arterial', 1),
	(7, 3, 'Material de monitoreo cardio-respiratorio', 1),
	(8, 4, 'Material de monitoreo cardiologico', 1),
	(9, 5, 'Material de monitoreo cerebral', 1),
	(10, 6, 'Liquidos reveladores', 30),
	(11, 7, 'Fijadores', 30),
	(12, 8, 'Reforzadores', 30),
	(13, 9, 'Peliculas Radiológicas', 100),
	(14, 10, 'Medios de Contraste', 1),
	(15, 11, 'Material para Resonancia Magnética', 1),
	(16, 12, 'Material para Tomografía', 1),
	(17, 12, 'Jeringas', 100),
	(18, 13, 'Canulas', 30),
	(19, 14, 'Cateres', 10),
	(20, 15, 'Guantes', 100),
	(21, 16, 'Preservativos', 1),
	(22, 16, 'Sondas', 10),
	(23, 17, 'Tubos', 10),
	(24, 17, 'Pinzas', 10),
	(25, 18, 'Adhesivos', 25),
	(26, 19, 'Apósitos', 25),
	(27, 20, 'Gasas', 25),
	(28, 21, 'Vendas', 10),
	(29, 21, 'Protectores Oculares', 2),
	(30, 22, 'Engrapadoras Quirúrgicas', 1),
	(31, 23, 'Válvulas', 100),
	(32, 24, 'Tubos de Drenaje', 10),
	(33, 25, 'Indicadores Biológicos', 1),
	(34, 25, 'Indicadores Químicos', 1),
	(35, 26, 'Papel', 10),
	(36, 26, 'Alcohol', 1),
	(37, 27, 'Tapabocas KN95', 100),
	(38, 28, 'Batas Antifluido', 1),
	(39, 28, 'Caretas', 1),
	(40, 29, 'Innaladores', 1),
	(41, 30, 'Gel Antibacterial', 50);

INSERT INTO equipo (`idEquipo`, `idUbicacion`, `idTipEqu`) VALUES
	(1, 1, 1),
	(2, 6, 2),
	(3, 3, 3),
	(4, 3, 4),
	(5, 6, 5),
	(6, 6, 6),
	(7, 3, 7),
	(8, 9, 8),
	(9, 2, 9),
	(10, 2, 10),
	(11, 6, 11),
	(12, 12, 12),
	(13, 2, 13),
	(14, 2, 14),
	(15, 6, 15),
	(16, 1, 16),
	(17, 4, 17),
	(18, 11, 18);

INSERT INTO enfermeras (`idEnfermera`, `cedula`, `idHorario`, `idUbicacion`) VALUES
	(1, 19396776, 1, 1),
	(2, 67527523, 2, 1),
	(3, 80008362, 2, 1),
	(4, 116154270, 3, 1),
	(5, 178233410, 3, 1),
	(6, 194410571, 4, 1),
	(7, 211774967, 1, 2),
	(8, 226554083, 2, 2),
	(9, 244530349, 2, 2),
	(10, 398706999, 3, 2),
	(11, 404027984, 3, 2),
	(12, 409462377, 4, 2),
	(13, 455758091, 1, 3),
	(14, 457215176, 2, 3),
	(15, 469909843, 2, 3),
	(16, 545084627, 3, 3),
	(17, 546030720, 3, 3),
	(18, 548500974, 4, 3),
	(19, 560671568, 1, 5),
	(20, 565537898, 2, 5),
	(21, 591423049, 2, 5),
	(22, 594475349, 3, 5),
	(23, 639550127, 3, 5),
	(24, 641769418, 4, 5),
	(25, 679085358, 1, 6),
	(26, 679093686, 2, 6),
	(27, 694045264, 2, 6),
	(28, 777940929, 3, 6),
	(29, 939633559, 3, 6),
	(30, 992829856, 4, 6);

INSERT INTO administrativos (`idAdministrativo`, `cedula`, `idHorario`, `areaAsig`) VALUES
	(1, 8864886, 2, 'Administración General'),
	(2, 8864886, 2, 'Administración General'),
	(3, 69243512, 3, 'Administración Médica'),
	(4, 126592201, 2, 'Administración Financiera'),
	(5, 131672759, 3, 'Administración Hospitalaria'),
	(6, 145844781, 2, 'Administración General'),
	(7, 184130271, 3, 'Administración Médica'),
	(8, 213220861, 2, 'Administración Financiera'),
	(9, 246921067, 3, 'Administración Hospitalaria'),
	(10, 294051878, 2, 'Administración General'),
	(11, 297177311, 3, 'Administración Médica'),
	(12, 297517043, 2, 'Administración Financiera'),
	(13, 299195784, 3, 'Administración Hospitalaria'),
	(14, 305337210, 2, 'Administración General'),
	(15, 383507416, 3, 'Administración Médica'),
	(16, 405078358, 2, 'Administración Financiera'),
	(17, 481640906, 3, 'Administración Hospitalaria'),
	(18, 572686059, 2, 'Administración General'),
	(19, 572795303, 3, 'Administración Médica'),
	(20, 660989822, 2, 'Administración Financiera'),
	(21, 683122271, 3, 'Administración Hospitalaria'),
	(22, 705589419, 2, 'Administración General'),
	(23, 797758237, 3, 'Administración Médica'),
	(24, 816285590, 2, 'Administración Financiera'),
	(25, 850725475, 3, 'Administración Hospitalaria'),
	(26, 854799453, 2, 'Administración General'),
	(27, 862185560, 3, 'Administración Médica'),
	(28, 873154286, 2, 'Administración Financiera'),
	(29, 906314598, 3, 'Administración Hospitalaria'),
	(30, 960742151, 2, 'Administración General'),
	(31, 980820425, 3, 'Administración Médica');

INSERT INTO medioentrada (`idMedio`, `nombreMedio`) VALUES
	(1, 'Urgencias'),
	(2, 'Cita Programada'),
	(3, 'Cita Prioritaria'),
	(4, 'Cirugía Programada'),
	(5, 'Cirugía Ambulatoria'),
	(6, 'Autorizaciones'),
	(7, 'Exámenes'),
	(8, 'Control'),
	(9, 'Otros');

INSERT INTO ingenieros (`idIngeniero`, `cedula`, `idHorario`) VALUES
	(1, 100663142, 1),
	(2, 154078508, 2),
	(3, 161060501, 3),
	(4, 212912945, 4),
	(5, 408283314, 1),
	(6, 499711911, 2),
	(7, 506876880, 3),
	(8, 513261272, 4),
	(9, 633300423, 1),
	(10, 818797217, 2),
	(11, 843377342, 3),
	(12, 844589336, 4),
	(13, 881735581, 1),
	(14, 985743192, 2),
	(15, 989731955, 3);

INSERT INTO ordenmantenimiento (`idOrdenMantenimiento`, `idEquipo`, `idIngeniero`, `ordenCompletada`) VALUES
	(1, 7, 8, 0),
	(2, 11, 6, 1),
	(3, 4, 14, 0),
	(4, 5, 2, 1),
	(5, 3, 13, 1),
	(6, 5, 8, 1),
	(7, 4, 1, 0),
	(8, 10, 5, 1),
	(9, 13, 8, 0),
	(10, 4, 3, 1),
	(11, 4, 15, 1),
	(12, 4, 5, 0),
	(13, 2, 14, 1),
	(14, 2, 6, 0),
	(15, 8, 10, 0),
	(16, 15, 5, 0),
	(17, 5, 5, 1),
	(18, 2, 7, 0),
	(19, 11, 4, 0),
	(20, 15, 14, 1),
	(21, 8, 2, 1),
	(22, 7, 12, 0),
	(23, 10, 7, 0),
	(24, 10, 10, 0),
	(25, 5, 6, 0),
	(26, 5, 3, 0),
	(27, 9, 12, 0),
	(28, 7, 6, 0),
	(29, 6, 2, 0),
	(30, 13, 14, 0),
	(31, 13, 2, 1),
	(32, 17, 7, 0),
	(33, 8, 4, 1),
	(34, 17, 10, 1),
	(35, 17, 10, 0);
    
INSERT INTO eps (`idEPS`, `nombreEPS`) VALUES
	(1, 'Arp Colpatria'),
	(2, 'Asmet Salud E.P.S.'),
	(3, 'Comparta'),
	(4, 'Medplús Medicina Prepagada S.A.'),
	(5, 'Acciones Integrales S.A'),
	(6, 'Medicina Integral Ltda.'),
	(7, 'Seguros y Capitalización Colpatria'),
	(8, 'Salud Total'),
	(9, 'Salud Vida'),
	(10, 'Solsalud'),
	(11, 'Coomeva'),
	(12, 'Salud Vital y Riesto Profesionales IPS'),
	(13, 'IPS Medex'),
	(14, 'Multiméticas EPS'),
	(15, 'Famisanar'),
	(16, 'Sánitas'),
	(17, 'Fresenius Medical Care'),
	(18, 'SURA'),
	(19, 'Coosalud'),
	(20, 'Coasic'),
	(21, 'Previsol');

INSERT INTO pacientes (`idPaciente`, `cedula`, `idUbicacion`, `idEPS`, `idHistorial`, `peso`) VALUES
	(1, 15963451, 6, 2, 1, 65),
	(2, 27095265, 1, 7, 2, 70),
	(3, 30610356, 5, 3, 3, 74),
	(4, 36461847, 2, 2, 4, 65),
	(5, 38337971, 4, 6, 5, 64),
	(6, 40211853, 3, 2, 6, 65),
	(7, 40309247, 7, 4, 7, 62),
	(8, 42845876, 9, 12, 8, 61),
	(9, 107448294, 12, 15, 9, 61),
	(10, 117298602, 10, 21, 10, 60),
	(11, 119950361, 1, 20, 11, 60),
	(12, 146442282, 2, 4, 12, 60),
	(13, 151405087, 3, 7, 13, 65),
	(14, 155311961, 4, 9, 14, 57),
	(15, 172065301, 5, 5, 15, 56),
	(16, 178044851, 6, 15, 16, 50),
	(17, 199691518, 7, 18, 17, 53),
	(18, 203655006, 9, 14, 18, 55),
	(19, 211122031, 10, 19, 19, 54),
	(20, 217663866, 12, 20, 20, 57),
	(21, 218300888, 12, 21, 21, 67),
	(22, 221391678, 10, 2, 22, 47),
	(23, 227506729, 1, 6, 23, 76),
	(24, 236178492, 2, 4, 24, 65),
	(25, 248275643, 6, 7, 25, 64),
	(26, 261472053, 5, 4, 26, 64),
	(27, 295815710, 4, 2, 27, 62),
	(28, 300797261, 3, 6, 28, 82),
	(29, 300953954, 7, 2, 29, 80),
	(30, 318817652, 9, 1, 30, 63),
	(31, 318877207, 10, 8, 31, 63),
	(32, 327121591, 1, 4, 32, 62),
	(33, 348844481, 3, 17, 33, 62),
	(34, 361154837, 4, 19, 34, 61),
	(35, 365306263, 3, 15, 35, 61),
	(36, 367765611, 4, 14, 36, 61),
	(37, 368887903, 5, 13, 37, 72),
	(38, 373479756, 4, 17, 38, 71),
	(39, 390062419, 3, 4, 39, 71),
	(40, 404061284, 2, 8, 40, 70),
	(41, 406146476, 3, 7, 41, 70),
	(42, 411640365, 5, 5, 42, 70),
	(43, 439036992, 6, 1, 43, 76),
	(44, 450773630, 5, 9, 44, 67),
	(45, 464365615, 3, 1, 45, 61),
	(46, 469908728, 2, 10, 46, 65),
	(47, 477222580, 5, 1, 47, 51),
	(48, 484032267, 2, 12, 48, 52),
	(49, 496823341, 5, 2, 49, 70),
	(50, 496972746, 4, 13, 50, 71),
	(51, 498474336, 6, 14, 51, 75),
	(52, 504542173, 7, 15, 52, 56),
	(53, 513438303, 6, 16, 53, 56),
	(54, 517563604, 7, 18, 54, 65),
	(55, 525365642, 6, 2, 55, 56),
	(56, 532671106, 4, 3, 56, 49),
	(57, 550859534, 6, 4, 57, 47),
	(58, 552837727, 7, 5, 58, 56),
	(59, 556750848, 3, 21, 59, 56),
	(60, 557964495, 3, 20, 60, 75),
	(61, 565775824, 9, 19, 61, 77),
	(62, 637589507, 10, 18, 62, 55),
	(63, 646233446, 12, 13, 63, 65),
	(64, 654353968, 12, 17, 64, 66),
	(65, 675304606, 12, 16, 65, 67),
	(66, 676472538, 12, 15, 66, 69),
	(67, 677411077, 10, 14, 67, 68),
	(68, 678724543, 10, 13, 68, 57),
	(69, 682683555, 9, 12, 69, 58),
	(70, 691180149, 6, 11, 70, 59),
	(71, 694805553, 7, 10, 71, 70),
	(72, 715236229, 6, 9, 72, 57),
	(73, 725855512, 7, 8, 73, 56),
	(74, 733087967, 6, 7, 74, 61),
	(75, 733934776, 7, 6, 75, 62),
	(76, 741537151, 6, 5, 76, 63),
	(77, 743774665, 7, 4, 77, 63),
	(78, 750894284, 6, 3, 78, 64),
	(79, 770691147, 9, 2, 79, 65),
	(80, 781451773, 2, 1, 80, 75),
	(81, 784744738, 3, 16, 81, 74),
	(82, 784827579, 1, 21, 82, 76),
	(83, 797289908, 1, 2, 83, 54),
	(84, 804053728, 3, 17, 100, 57),
	(85, 809603175, 4, 8, 84, 55),
	(86, 823061937, 2, 6, 85, 56),
	(87, 829236416, 4, 5, 86, 56),
	(88, 831638592, 2, 4, 87, 56),
	(89, 849395302, 5, 2, 88, 67),
	(90, 849624191, 4, 10, 89, 68),
	(91, 875516999, 6, 9, 90, 58),
	(92, 911773585, 6, 9, 91, 86),
	(93, 913017733, 2, 5, 92, 75),
	(94, 917984075, 4, 6, 93, 65),
	(95, 929286211, 10, 3, 94, 59),
	(96, 940129270, 12, 11, 95, 56),
	(97, 956122042, 5, 12, 96, 65),
	(98, 992036600, 4, 14, 97, 83),
	(99, 993080519, 2, 15, 98, 76),
	(100, 997375200, 1, 17, 99, 85);

INSERT INTO pedidos (`idPedido`, `idItem`, `idAdministrativo`, `cantidad`, `fecha`) VALUES
	(1, 35, 1, 15, '2020-04-14'),
	(2, 11, 19, 55, '2021-01-17'),
	(3, 10, 8, 83, '2020-07-30'),
	(4, 3, 2, 91, '2020-03-27'),
	(5, 29, 3, 52, '2020-08-15'),
	(6, 5, 2, 36, '2020-09-26'),
	(7, 29, 28, 94, '2020-11-13'),
	(8, 10, 9, 69, '2020-04-19'),
	(9, 31, 20, 30, '2020-06-28'),
	(10, 37, 8, 55, '2020-05-03'),
	(11, 6, 24, 5, '2021-02-18'),
	(12, 35, 26, 30, '2020-12-05'),
	(13, 2, 16, 16, '2020-03-22'),
	(14, 10, 10, 33, '2020-05-04'),
	(15, 12, 4, 70, '2021-01-24'),
	(16, 24, 12, 48, '2021-01-05'),
	(17, 20, 23, 76, '2020-08-13'),
	(18, 24, 25, 44, '2020-05-13'),
	(19, 8, 20, 77, '2020-06-17'),
	(20, 19, 3, 80, '2020-05-28'),
	(21, 39, 2, 66, '2021-02-02'),
	(22, 37, 8, 75, '2021-02-23'),
	(23, 25, 1, 81, '2020-04-11'),
	(24, 23, 28, 19, '2021-01-10'),
	(25, 10, 17, 33, '2020-07-27'),
	(26, 27, 20, 12, '2020-05-15'),
	(27, 41, 29, 26, '2020-05-04'),
	(28, 38, 4, 17, '2021-01-17'),
	(29, 1, 14, 32, '2020-11-12'),
	(30, 9, 17, 12, '2020-04-11'),
	(31, 39, 13, 99, '2020-05-11'),
	(32, 9, 4, 24, '2020-06-07'),
	(33, 5, 15, 36, '2020-08-17'),
	(34, 21, 23, 40, '2020-10-19'),
	(35, 38, 21, 32, '2020-12-07'),
	(36, 11, 21, 43, '2020-09-19'),
	(37, 39, 3, 94, '2020-10-04'),
	(38, 22, 20, 53, '2020-08-22'),
	(39, 24, 19, 36, '2020-10-31'),
	(40, 16, 8, 71, '2020-09-16'),
	(41, 39, 11, 62, '2020-04-12'),
	(42, 9, 21, 21, '2021-03-04'),
	(43, 3, 28, 73, '2020-10-03'),
	(44, 1, 14, 65, '2020-04-27'),
	(45, 16, 27, 4, '2020-11-09'),
	(46, 8, 12, 38, '2020-05-27'),
	(47, 23, 3, 67, '2020-09-11'),
	(48, 4, 17, 3, '2020-12-14'),
	(49, 18, 13, 77, '2021-02-07'),
	(50, 11, 9, 67, '2021-01-05'),
	(51, 1, 18, 67, '2021-01-22'),
	(52, 6, 25, 12, '2020-04-02'),
	(53, 9, 26, 33, '2020-11-25'),
	(54, 29, 3, 91, '2020-09-14'),
	(55, 25, 11, 25, '2020-03-15'),
	(56, 16, 15, 25, '2020-07-28'),
	(57, 38, 11, 67, '2021-02-19'),
	(58, 1, 20, 7, '2020-09-10'),
	(59, 37, 22, 79, '2020-09-15'),
	(60, 2, 31, 71, '2020-08-19');

INSERT INTO historialmedico  (`fechaSubida`,`documento`) VALUES 
    ("2020/07/13","www.popdog.pg/historia/No-RRT05SYG2DO"),
    ("2020/03/14","www.popdog.pg/historia/No-HQD59XBK7LY"),
    ("2021/02/16","www.popdog.pg/historia/No-GOS67GWQ8ER"),
    ("2020/10/04","www.popdog.pg/historia/No-XLB81ZUH8QG"),
    ("2020/04/05","www.popdog.pg/historia/No-CEX24CYV2RK"),
    ("2021/02/21","www.popdog.pg/historia/No-CZP48KDG4MV"),
    ("2021/02/09","www.popdog.pg/historia/No-VPM27INU3YU"),
    ("2020/10/23","www.popdog.pg/historia/No-GAV28GHX3HB"),
    ("2020/07/23","www.popdog.pg/historia/No-YOB54POB3YC"),
    ("2020/09/14","www.popdog.pg/historia/No-HLP35RKQ3KU"),
    ("2021/01/25","www.popdog.pg/historia/No-AVY94GTU9EJ"),
    ("2020/09/12","www.popdog.pg/historia/No-AMU19KHQ4PR"),
    ("2021/03/05","www.popdog.pg/historia/No-AEA84YJS0XC"),
    ("2020/06/04","www.popdog.pg/historia/No-THQ56FNE4GN"),
    ("2020/12/01","www.popdog.pg/historia/No-QFN07OSV9KH"),
    ("2021/03/10","www.popdog.pg/historia/No-GKA69TEV8ZF"),
    ("2020/06/30","www.popdog.pg/historia/No-HAY52FIR9ED"),
    ("2020/05/25","www.popdog.pg/historia/No-TSS63DXX2PL"),
    ("2020/10/16","www.popdog.pg/historia/No-BCA19EOI7XL"),
    ("2020/08/25","www.popdog.pg/historia/No-BBU46ETT3YQ"),
    ("2020/03/31","www.popdog.pg/historia/No-VDH36JFI3ZW"),
    ("2020/07/13","www.popdog.pg/historia/No-TVG52RLO6OZ"),
    ("2020/08/31","www.popdog.pg/historia/No-PYO66ZRQ2DG"),
    ("2020/05/22","www.popdog.pg/historia/No-ELU50LPA4ID"),
    ("2020/12/03","www.popdog.pg/historia/No-MBP27FHC4ZL"),
    ("2020/05/07","www.popdog.pg/historia/No-DVE66IQA8OB"),
    ("2020/08/10","www.popdog.pg/historia/No-QCL48YRJ0SR"),
    ("2020/08/06","www.popdog.pg/historia/No-BCF73PRD8FU"),
    ("2020/03/16","www.popdog.pg/historia/No-QUY29FFV2VA"),
    ("2020/09/07","www.popdog.pg/historia/No-HLG05ZTJ9YD"),
    ("2021/01/25","www.popdog.pg/historia/No-BXB00YPE1IN"),
    ("2020/03/28","www.popdog.pg/historia/No-VZO46IXL2UZ"),
    ("2020/05/28","www.popdog.pg/historia/No-DBX17GNT0EP"),
    ("2021/01/11","www.popdog.pg/historia/No-HGJ29TVR7UL"),
    ("2020/10/20","www.popdog.pg/historia/No-HJZ18HYD1AP"),
    ("2020/05/25","www.popdog.pg/historia/No-WWZ62QNT0SM"),
    ("2020/06/30","www.popdog.pg/historia/No-OTF61ONI5UT"),
    ("2020/04/14","www.popdog.pg/historia/No-LEU54SEN1RE"),
    ("2020/05/14","www.popdog.pg/historia/No-LSH54OQK3HM"),
    ("2020/04/28","www.popdog.pg/historia/No-HMV07KSA4LL"),
    ("2021/01/23","www.popdog.pg/historia/No-ZEX25YJZ8GL"),
    ("2020/12/21","www.popdog.pg/historia/No-YQM12WBS7DE"),
    ("2020/03/09","www.popdog.pg/historia/No-UNY16ERW4AE"),
    ("2020/10/08","www.popdog.pg/historia/No-UGE19PDN6KS"),
    ("2020/04/01","www.popdog.pg/historia/No-UPV36RPL9HV"),
    ("2020/08/22","www.popdog.pg/historia/No-RZB30EFW0VC"),
    ("2020/11/24","www.popdog.pg/historia/No-OQR64ITC6TK"),
    ("2020/05/04","www.popdog.pg/historia/No-OXT15MPS9VY"),
    ("2020/06/22","www.popdog.pg/historia/No-CYM61QSX0MW"),
    ("2020/03/17","www.popdog.pg/historia/No-JHS47HYJ3HD"),
    ("2021/01/16","www.popdog.pg/historia/No-VXT93MSU6LR"),
    ("2020/12/31","www.popdog.pg/historia/No-QWH36UTQ0GL"),
    ("2020/12/15","www.popdog.pg/historia/No-QXD36KMX7KR"),
    ("2021/01/24","www.popdog.pg/historia/No-EGO60KSA2PB"),
    ("2020/12/27","www.popdog.pg/historia/No-CMS95CZF9ET"),
    ("2020/12/11","www.popdog.pg/historia/No-FTR82TMQ7AT"),
    ("2020/10/02","www.popdog.pg/historia/No-YIY47SED8CJ"),
    ("2021/02/28","www.popdog.pg/historia/No-ZCF46FUN2US"),
    ("2020/11/09","www.popdog.pg/historia/No-NIY07EXZ5IY"),
    ("2020/04/17","www.popdog.pg/historia/No-KRA10PSR3VO"),
    ("2021/02/10","www.popdog.pg/historia/No-POH13IZO5LM"),
    ("2020/09/20","www.popdog.pg/historia/No-LKI75SWF4CR"),
    ("2020/09/24","www.popdog.pg/historia/No-BTL53TOA3BQ"),
    ("2021/01/20","www.popdog.pg/historia/No-XFC34BXF1PI"),
    ("2020/04/02","www.popdog.pg/historia/No-UBS93QAR0EX"),
    ("2020/03/13","www.popdog.pg/historia/No-NUL03PQV2ST"),
    ("2020/11/07","www.popdog.pg/historia/No-KVX05KNV5RN"),
    ("2020/05/30","www.popdog.pg/historia/No-JBN35DJV2JC"),
    ("2020/07/30","www.popdog.pg/historia/No-OIY83HOK0AQ"),
    ("2021/02/06","www.popdog.pg/historia/No-VLA96UDT0LX"),
    ("2020/10/25","www.popdog.pg/historia/No-PHR73WYP7WH"),
    ("2020/06/28","www.popdog.pg/historia/No-HBM21RJU0RA"),
    ("2020/11/25","www.popdog.pg/historia/No-LYW63KCY6QK"),
    ("2020/09/17","www.popdog.pg/historia/No-XTM94TAB1QQ"),
    ("2020/12/18","www.popdog.pg/historia/No-TYB03XNT3DT"),
    ("2020/12/18","www.popdog.pg/historia/No-BVH70DEF4WS"),
    ("2020/11/11","www.popdog.pg/historia/No-EYT02LDJ0RV"),
    ("2021/03/05","www.popdog.pg/historia/No-KYH31GYC1ZQ"),
    ("2020/12/02","www.popdog.pg/historia/No-OLK88BJN0SS"),
    ("2020/10/17","www.popdog.pg/historia/No-XAS96KLA5MJ"),
    ("2020/06/28","www.popdog.pg/historia/No-NHJ72EJV4MQ"),
    ("2021/02/14","www.popdog.pg/historia/No-YYX27QFI3FU"),
    ("2020/09/05","www.popdog.pg/historia/No-AZM64JKC6GP"),
    ("2020/07/06","www.popdog.pg/historia/No-IOX34XHS5GO"),
    ("2020/04/29","www.popdog.pg/historia/No-SRH83LDK8VC"),
    ("2021/03/03","www.popdog.pg/historia/No-QBI66RTC4UV"),
    ("2020/12/31","www.popdog.pg/historia/No-HIO21AGF1WB"),
    ("2020/06/14","www.popdog.pg/historia/No-FUP81REH9CN"),
    ("2021/01/17","www.popdog.pg/historia/No-GJT81HRD8CI"),
    ("2020/09/04","www.popdog.pg/historia/No-PQR65BXP5EB"),
    ("2020/08/12","www.popdog.pg/historia/No-HWY69CVZ9MM"),
    ("2020/05/29","www.popdog.pg/historia/No-ZWE76DNW5CS"),
    ("2020/08/16","www.popdog.pg/historia/No-UUS89JXN9OR"),
    ("2020/11/03","www.popdog.pg/historia/No-UQU67EUW9WB"),
    ("2020/11/04","www.popdog.pg/historia/No-XWB00FZU0PJ"),
    ("2020/11/29","www.popdog.pg/historia/No-KDF49IMP6LC"),
    ("2020/05/21","www.popdog.pg/historia/No-VLZ18MMK9OD"),
    ("2020/11/14","www.popdog.pg/historia/No-YQO26PMQ4OE"),
    ("2020/04/30","www.popdog.pg/historia/No-WTA93HBJ8BC"),
    ("2020/05/01","www.popdog.pg/historia/No-XOL71JLL3TD");

INSERT INTO ingresos (`idIngreso`, `idPaciente`, `idMedio`, `fecha`, `hora`, `estado`) VALUES
	(1, 1, 8, '2020-10-21', '15:48:05', 0),
	(2, 2, 9, '2021-06-13', '16:29:24', 0),
	(3, 3, 3, '2020-09-08', '16:29:29', 0),
	(4, 4, 5, '2020-11-05', '11:34:34', 0),
	(5, 5, 8, '2020-12-14', '18:25:51', 0),
	(6, 6, 9, '2020-10-27', '19:10:35', 0),
	(7, 7, 1, '2020-09-08', '06:48:00', 0),
	(8, 8, 2, '2021-05-24', '23:12:29', 0),
	(9, 9, 5, '2021-01-26', '23:05:36', 0),
	(10, 10, 7, '2020-05-27', '05:08:21', 0),
	(11, 11, 8, '2021-05-07', '19:15:25', 0),
	(12, 12, 1, '2021-12-28', '14:28:28', 0),
	(13, 13, 4, '2021-08-17', '04:55:42', 0),
	(14, 14, 8, '2021-12-31', '01:23:43', 0),
	(15, 15, 9, '2021-04-13', '09:17:22', 0),
	(16, 16, 1, '2021-06-15', '12:09:36', 0),
	(17, 17, 9, '2021-06-09', '19:47:50', 0),
	(18, 18, 2, '2021-05-02', '16:55:02', 0),
	(19, 19, 7, '2020-03-23', '10:55:01', 0),
	(20, 20, 8, '2022-01-20', '02:57:58', 0),
	(21, 21, 4, '2021-12-18', '16:11:21', 0),
	(22, 22, 7, '2020-06-12', '07:55:32', 0),
	(23, 23, 2, '2020-05-03', '15:55:01', 0),
	(24, 24, 1, '2020-07-21', '23:06:45', 0),
	(25, 25, 6, '2021-07-27', '17:22:48', 0),
	(26, 26, 2, '2021-03-17', '23:45:20', 0),
	(27, 27, 3, '2021-03-20', '02:22:51', 0),
	(28, 28, 3, '2022-01-05', '11:03:02', 0),
	(29, 29, 4, '2021-03-09', '16:38:04', 0),
	(30, 30, 7, '2020-05-15', '15:23:08', 0),
	(31, 31, 9, '2021-01-10', '11:58:28', 0),
	(32, 32, 5, '2020-03-29', '10:11:03', 0),
	(33, 33, 8, '2021-07-28', '17:55:34', 0),
	(34, 34, 2, '2020-06-26', '05:24:28', 0),
	(35, 35, 1, '2021-09-11', '06:37:09', 0),
	(36, 36, 7, '2021-05-07', '06:11:43', 0),
	(37, 37, 8, '2021-01-10', '14:16:02', 0),
	(38, 38, 1, '2020-10-24', '18:30:51', 0),
	(39, 39, 4, '2021-04-21', '08:48:04', 0),
	(40, 40, 7, '2020-05-25', '19:57:48', 0),
	(41, 41, 9, '2020-09-26', '06:07:21', 0),
	(42, 42, 9, '2020-10-30', '02:10:40', 0),
	(43, 43, 4, '2020-07-05', '06:45:25', 0),
	(44, 44, 3, '2021-01-15', '08:24:30', 0),
	(45, 45, 2, '2021-09-15', '04:56:31', 0),
	(46, 46, 4, '2021-02-01', '21:30:56', 0),
	(47, 47, 2, '2020-05-28', '02:02:50', 0),
	(48, 48, 2, '2021-07-15', '02:37:49', 0),
	(49, 49, 3, '2021-04-29', '06:10:43', 0),
	(50, 50, 4, '2020-11-10', '18:13:52', 0),
	(51, 51, 8, '2021-05-13', '19:38:05', 0),
	(52, 52, 7, '2021-09-10', '16:21:18', 0),
	(53, 53, 8, '2021-02-24', '21:13:55', 0),
	(54, 54, 7, '2022-01-30', '12:58:54', 0),
	(55, 55, 5, '2021-11-26', '18:13:28', 0),
	(56, 56, 6, '2021-04-18', '21:18:17', 0),
	(57, 57, 6, '2021-07-13', '13:56:21', 0),
	(58, 58, 4, '2021-10-03', '09:06:17', 0),
	(59, 59, 4, '2020-08-13', '07:48:30', 0),
	(60, 60, 6, '2020-08-10', '03:42:51', 0),
	(61, 61, 1, '2020-08-14', '05:15:27', 0),
	(62, 62, 6, '2021-03-17', '20:59:32', 0),
	(63, 63, 9, '2022-01-19', '08:43:23', 0),
	(64, 64, 2, '2021-05-27', '07:07:09', 0),
	(65, 65, 1, '2021-07-06', '08:41:12', 0),
	(66, 66, 4, '2020-09-10', '20:09:01', 0),
	(67, 67, 6, '2021-08-21', '11:01:08', 0),
	(68, 68, 4, '2020-05-07', '00:15:04', 0),
	(69, 69, 7, '2021-07-18', '22:51:35', 0),
	(70, 70, 9, '2021-07-22', '14:49:23', 0),
	(71, 71, 2, '2021-10-23', '11:51:02', 0),
	(72, 72, 5, '2022-02-18', '17:32:54', 0),
	(73, 73, 8, '2021-07-04', '08:19:16', 0),
	(74, 74, 4, '2021-01-18', '11:31:40', 0),
	(75, 75, 8, '2020-05-11', '08:21:21', 0),
	(76, 76, 9, '2021-10-21', '09:10:32', 0),
	(77, 77, 1, '2020-04-14', '05:30:43', 0),
	(78, 78, 1, '2021-10-14', '06:38:40', 0),
	(79, 79, 3, '2021-09-07', '02:36:30', 0),
	(80, 80, 8, '2021-07-09', '06:27:20', 0),
	(81, 81, 5, '2020-11-19', '01:57:41', 0),
	(82, 82, 9, '2020-10-31', '02:26:44', 0),
	(83, 83, 3, '2021-05-17', '22:40:36', 0),
	(84, 84, 2, '2022-02-13', '19:01:05', 0),
	(85, 85, 3, '2021-03-01', '13:52:28', 0),
	(86, 86, 2, '2020-09-11', '10:42:28', 0),
	(87, 87, 9, '2020-09-07', '19:30:11', 0),
	(88, 88, 9, '2021-01-20', '00:30:58', 0),
	(89, 89, 4, '2021-03-05', '22:06:13', 0),
	(90, 90, 7, '2020-05-25', '23:29:03', 0),
	(91, 91, 8, '2021-12-27', '04:08:35', 0),
	(92, 92, 7, '2021-05-09', '12:07:46', 0),
	(93, 93, 7, '2022-02-13', '18:53:27', 0),
	(94, 94, 5, '2020-04-21', '21:33:00', 0),
	(95, 95, 6, '2020-03-23', '08:23:33', 0),
	(96, 96, 4, '2021-12-11', '15:59:09', 0),
	(97, 97, 5, '2021-11-09', '17:19:37', 0),
	(98, 98, 6, '2020-04-14', '22:58:20', 0),
	(99, 99, 8, '2020-06-25', '18:50:24', 0),
	(100, 100, 2, '2020-06-13', '23:18:59', 0);

INSERT INTO salidas (`idSalidas`, `idPaciente`, `idMedicoAut`, `fecha`, `hora`) VALUES
	(1, 1, 19, '2021-12-21', '03:10:17'),
	(2, 5, 26, '2021-03-28', '17:08:37'),
	(3, 9, 30, '2021-04-09', '05:33:00'),
	(4, 13, 11, '2020-08-26', '06:16:40'),
	(5, 17, 25, '2021-04-06', '23:59:39'),
	(6, 21, 30, '2021-08-12', '04:18:01'),
	(7, 25, 12, '2022-03-05', '11:22:04'),
	(8, 29, 21, '2020-07-07', '22:01:22'),
	(9, 33, 1, '2020-07-29', '15:04:24'),
	(10, 37, 9, '2020-07-31', '08:47:25'),
	(11, 41, 6, '2021-06-01', '22:47:12'),
	(12, 45, 29, '2020-08-14', '18:46:30'),
	(13, 49, 22, '2021-03-09', '01:46:10'),
	(14, 53, 12, '2020-12-27', '15:46:27'),
	(15, 57, 19, '2021-07-30', '15:51:06'),
	(16, 61, 29, '2021-11-27', '18:55:32'),
	(17, 65, 21, '2021-08-28', '17:17:03'),
	(18, 69, 3, '2021-10-17', '19:48:23'),
	(19, 73, 27, '2021-10-07', '19:06:14'),
	(20, 77, 24, '2020-08-20', '01:22:36'),
	(21, 81, 24, '2021-01-13', '04:31:50'),
	(22, 85, 6, '2020-08-10', '10:56:30'),
	(23, 89, 21, '2020-09-30', '23:16:31'),
	(24, 93, 3, '2021-08-25', '07:53:19'),
	(25, 97, 11, '2021-05-14', '23:30:41');
